/*
SQLyog Community v12.09 (64 bit)
MySQL - 10.1.19-MariaDB : Database - db_ppl
*********************************************************************
*/

/*!40101 SET NAMES utf8 */;

/*!40101 SET SQL_MODE=''*/;

/*!40014 SET @OLD_UNIQUE_CHECKS=@@UNIQUE_CHECKS, UNIQUE_CHECKS=0 */;
/*!40014 SET @OLD_FOREIGN_KEY_CHECKS=@@FOREIGN_KEY_CHECKS, FOREIGN_KEY_CHECKS=0 */;
/*!40101 SET @OLD_SQL_MODE=@@SQL_MODE, SQL_MODE='NO_AUTO_VALUE_ON_ZERO' */;
/*!40111 SET @OLD_SQL_NOTES=@@SQL_NOTES, SQL_NOTES=0 */;
/*Data for the table `mindikator` */

insert  into `mindikator`(`Kd_Indikator`,`Nm_Indikator`) values (1,'Persiapan Penyuluhan Pertanian'),(2,'Pelaksanaan Penyuluhan Pertanian'),(3,'Evaluasi dan Pelaporan');

/*Data for the table `mindikator_parameter` */

insert  into `mindikator_parameter`(`Kd_Parameter`,`Kd_Indikator`,`Nm_Parameter`,`Is_FileUpload`) values (1,1,'Membuat data potensi wilayah dan agro ekosistem yang terdiri atas:',NULL),(2,1,'Memandu (pengawalan dan pendampingan) Penyusunan RDKK',NULL),(3,1,'Penyusunan programa penyuluhan pertanian desa dan kecamatan:',NULL),(4,1,'Membuat Rencana Kerja Tahunan Penyuluh Pertanian (RKTPP) yang memuat:',NULL),(5,2,'Melaksanakan desiminasi/penyebaran materi penyuluhan sesuai kebutuhan petani (dalam satu tahun):',1),(6,2,'Melaksanakan penerapan metoda penyuluhan pertanian di wilayah binaan dalam bentuk Kunjungan/tatap muka (perorangan/kelompok/massal) (dalam satu tahun terakhir):',1),(7,2,'Melaksakan penerapan metoda penyuluhan pertanian di wilayah binaan dalam bentuk Demonstrasi / SL (dalam satu tahun terakhir)',1),(8,2,'Melaksanakan penerapan metoda penyuluhan pertanian di wilayah binaan dalam bentuk Temu-temu (temu lapang, temu wicara, temu teknis, temu karya, temu usaha) (dalam satu tahun terakhir)',1),(9,2,'Melaksanakan penerapan metoda penyuluhan pertanian di wilayah binaan dalam bentuk Kursus (dalam satu tahun terakhir)',1),(10,2,'Melakukan peningkatan kapasitaas petani terhadap akses informasi dalam mengembangkan usaha tani:',NULL),(11,2,'Menumbuhkan kelompoktani/gapoktan dari aspek kualitas dan kuantitas',1),(12,2,'Meningkatkan kelastani dari aspek kuantitas dan aspek kualitas:',1),(13,2,'Menumbuhkan dan mengembangkan kelembagaan ekonomi petani dari aspek jumlah, dan kualitas:',NULL),(14,2,'Meningkatkan produksi komoditi unggulan di WKPP dibandingkan produksi sebelumnya',1),(15,3,'Melakukan evaluasi pelaksanaan penyuluhan pertanian:',1),(16,3,'Membuat laporan pelaksanaan penyuluhan pertanian:',NULL);

/*Data for the table `mindikator_parameteropt` */

insert  into `mindikator_parameteropt`(`Kd_Opt`,`Kd_Parameter`,`Nm_Opt`,`Poin`) values (1,1,'a, b, c, d, dibuat',5),(2,1,'b dan d dibuat',4),(3,1,'c dan d dibuat',3),(4,1,'a dan d dibuat',2),(5,1,'d dibuat',1),(6,2,'Memandu merumuskan a, b, c, dan d',5),(7,2,'Memandu merumuskan b, c, dan d',4),(8,2,'Memandu merumuskan a, c, dan d',3),(9,2,'Memandu merumuskan c dan d',2),(10,2,'Memandu merumuskan a atau b',1),(11,3,'Terlibat dalam kegiatan a, b, c, d dan e\r\n',5),(12,3,'Terlihat dalam kegiatan a, c, d dan e',4),(13,3,'Terlihat dalam kegiatan a, d dan e',3),(14,3,'Telibat dalam kegiatan b dan d',2),(15,3,'Terlibat dalam kegiatan e',1),(16,4,'a, b, c, dan d, dibuat',5),(17,4,'b dan d dibuat',4),(18,4,'c dan d dibuat',3),(19,4,'a dan d dibuat',2),(20,4,'d dibuat',1),(21,5,'Menyebarkan >12 judul/topik',5),(22,5,'Menyebarkan 8 s/d 12 judul/topik',4),(23,5,'Menyebarkan 5 s/d 7 judul/topik',3),(24,5,'Menyebarkan 2 s/d 4 judul/topik',2),(25,5,'Menyebarkan hanya 1 judul/topik',1),(26,6,'> 60 kali',5),(27,6,'45 s/d 59',4),(28,6,'30 s/d 44',3),(29,6,'15 s/d 29',2),(30,6,'< 15',1),(31,7,'> 3',5),(32,7,'2',3),(33,7,'1',1),(34,8,'> 3',5),(35,8,'2',3),(36,8,'1',1),(37,9,'> 3',5),(38,9,'2',3),(39,9,'1',1),(40,10,'a, b, c dan d dilakukan',5),(41,10,'a, b dan c dilakukan',4),(42,10,'a dan b dilakukan ',3),(43,10,'a dan d dilakukan',2),(44,10,'a dilakukan',1),(45,11,'Lebih dari 2 Kelompoktani dan 1 Gapoktan\r\n',5),(46,11,'2 Kelompoktani',4),(47,11,'1 Gapoktan',3),(48,11,'1 Kelompoktani',2),(49,11,'Tidak ada penumpuhan ',1),(50,12,'Lebih dari 3 Kelompoktani',5),(51,12,'3 Kelompoktani',4),(52,12,'2 Kelompoktani',3),(53,12,'1 Kelompoktani',2),(54,12,'Tidak ada peningkatan',1),(55,13,'Memfasilitasi a, b, c, dan d',5),(56,13,'Memfasilitasi a, b, dan c',4),(57,13,'Menfasilitasi a dan b',3),(58,13,'Menfasilitasi c dan d',2),(59,13,'Menfasilitasi d',1),(60,14,'5 % atau lebih',5),(61,14,'4 - < 5 %',4),(62,14,'3 - < 4 %',3),(63,14,'2 - < 3 %',2),(64,14,'0 - < 2 %',1),(65,15,'Lebih dari 4 kali',5),(66,15,'Sebanyak 4 kali',4),(67,15,'Sebanyak 3 kali',3),(68,15,'Sebanyak 2 kali',2),(69,15,'Sebanyak 1 kali',1),(70,16,'a, b, c, d, dibuat',5),(71,16,'a, b, dan c dibuat',4),(72,16,'a, b, dan d dibuat',3),(73,16,'a dan d dibuat',2),(74,16,'a dibuat',1);

/*Data for the table `mindikator_parametersub` */

insert  into `mindikator_parametersub`(`Kd_ParameterSub`,`Kd_Parameter`,`Nm_ParameterSub`,`Is_FileUpload`) values (1,1,'Peta wilayah Kerja',1),(3,1,'Peta Potensi Wilayah Kerja',1),(4,1,'Monografi Wilayah Kerja',1),(5,1,'RKPD (Rencana Kegiatan Penyuluhan Desa)',1),(6,2,'RUK/RUB (Rencana Usaha Kelompok/Rencana Usaha Bersama)\r\n',1),(7,2,'RDK (Rencana Definitif Kelompok)',1),(8,2,'RDK (Rencana Definitif Kebutuhan Kelompok)\r\n',1),(9,2,'RDKK pupuk bersubsidi sesuai dengan kebutuhan petani',1),(10,3,'Penyusunan program penyuluhan pertanian desa/kelurahan\r\n',1),(11,3,'Rekapitulasi program Desa/Kelurahan\r\n',1),(12,3,'Pemeringkatan Masalah',1),(13,3,'Pembuatan Draft Program',1),(14,3,'Sinkronisasi Kegiatan Penyuluhan',1),(15,4,'Keadaan Wilayah (potensi, produktivitas, lingkungan usaha pertanian, perilaku petani dll)\r\n\r\n',1),(16,4,'Penetapan Tujuan',1),(17,4,'Penetapan Masalah',1),(18,4,'Rencana Kegiatan (menggambarkan apa yang dilakukan untuk mencapai tujuan, bagaimana caranya,siapa yang melakukannya, siapa sasarannya, dimana, kapan, berapa biaya, dan apa hasil yang akan dicapai untu',1),(19,10,'Memberi informasi dan menunjukkan sumber Informasi\r\n',1),(20,10,'Membangun jejaring kerja antar petani\r\n',1),(21,10,'Membangun kemitraan',1),(22,10,'Memandu membuat proposal kegiatan',1),(23,13,'BUMP yang berbentuk Perseroan Terbatas dan sudah berbadan hukum\r\n',1),(24,13,'BUMP yang berbentuk Perseroan Terbatas dan belum berbadan hukum\r\n',1),(25,13,'BUMP yang berbentuk Koperasi Tani sudah berbadan hukum',1),(26,13,'BUMP yang berbentuk Koperasi Tani sudah berbadan hukum\r\n',1),(27,16,'Laporan Setiap Bulan',1),(28,16,'Laporan Setiap Tri Wulan',1),(29,16,'Laporan Setiap Semester',1),(30,16,'Laporan Setiap Tahun',1);

/*!40101 SET SQL_MODE=@OLD_SQL_MODE */;
/*!40014 SET FOREIGN_KEY_CHECKS=@OLD_FOREIGN_KEY_CHECKS */;
/*!40014 SET UNIQUE_CHECKS=@OLD_UNIQUE_CHECKS */;
/*!40111 SET SQL_NOTES=@OLD_SQL_NOTES */;
